﻿{
	"Author": "ackwell",
	"Name": "Browser Host",
	"Punchline": "Dalamud plugin for in-game browser rendering.",
	"Description": "Dalamud plugin for in-game browser rendering. Think OverlayPlugin, but it's in the game itself.\nUse the settings button below or the '/bh config' command to configure.",
	"InternalName": "BrowserHost.Plugin",
	"AssemblyVersion": "1.4.1.2",
	"RepoUrl": "https://github.com/ackwell/BrowserHost",
	"ApplicableVersion": "any",
	"Tags": [ "framework", "browser", "inlay" ],
	"DalamudApiLevel": 5
}
